Team_USA_Sport,First_Name,Last_Name,Gender,School_Name,Collegiate_Sport,Sport_Level,Current Student-Athlete
Archery,Casey,Kaufhold,F,Texas A&M University--College Station,Archery,Club/Rec,
Artistic Gymnastics,Asher,Hong,M,Stanford University,Gymnastics,NCAA-Varsity,Current
Artistic Gymnastics,Brody,Malone,M,Stanford University,Gymnastics,NCAA-Varsity,
Artistic Gymnastics,Frederick,Richard,M,University of Michigan--Ann Arbor,Gymnastics,NCAA-Varsity,
Artistic Gymnastics,Jade,Carey,F,Oregon State University,Gymnastics,NCAA-Varsity,Current
Artistic Gymnastics,Jordan,Chiles,F,University of California--Los Angeles,Gymnastics,NCAA-Varsity,
Artistic Gymnastics,Paul,Juda,M,University of Michigan--Ann Arbor,Gymnastics,NCAA-Varsity,
Artistic Gymnastics,Stephen,Nedoroscik,M,Pennsylvania State University--University Park,Gymnastics,NCAA-Varsity,
Artistic Gymnastics,Suni,Lee,F,Auburn University,Gymnastics,NCAA-Varsity,
Artistic Swimming,Audrey,Kwon,F,Stanford University,Artistic Swimming,Non NCAA-Varsity,Current
Artistic Swimming,Jacklyn,Luu,F,Stanford University,Artistic Swimming,Non NCAA-Varsity,
Artistic Swimming,Megumi,Field,F,Stanford University,Artistic Swimming,Non NCAA-Varsity,Current
Artistic Swimming,Ruby,Remati,F,Ohio State University--Columbus,Artistic Swimming,Non NCAA-Varsity,Current
Athletics,Clayton,Young,M,Brigham Young University--Provo,Track and field,NCAA-Varsity,
Athletics,Conner,Mantz,M,Brigham Young University--Provo,Track and field,NCAA-Varsity,
Athletics,Dakotah,Lindwurm,F,Northern State University,Track and field,NCAA-Varsity,
Athletics,Emily,Sisson,F,Providence College,Track and field,NCAA-Varsity,
Athletics,Emily,Sisson,F,University of Wisconsin--Madison,Track and field,NCAA-Varsity,
Athletics,Fiona,O'Keeffe,F,Stanford University,Track and field,NCAA-Varsity,
Athletics,Leonard,Korir,M,Iona College,Track and field,NCAA-Varsity,
Athletics,Grant,Fisher,M,Stanford University,Track and field,NCAA-Varsity,
Athletics,Harrison,Williams,M,Stanford University,Track and field,NCAA-Varsity,
Athletics,Heath,Baldwin,M,Michigan State University,Track and field,NCAA-Varsity,
Athletics,Heath,Baldwin,M,University of Michigan--Ann Arbor,Track and field,NCAA-Varsity,
Athletics,Jasmin,Moore,F,University of Florida,Track and field,NCAA-Varsity,
Athletics,Jasmin,Moore,F,University of Georgia,Track and field,NCAA-Varsity,
Athletics,Joe,Kovacs,M,Pennsylvania State University--University Park,Track and field,NCAA-Varsity,
Athletics,Keturah,Orji,F,University of Georgia,Track and field,NCAA-Varsity,
Athletics,Melissa,Jefferson,F,Coastal Carolina University,Track and field,NCAA-Varsity,
Athletics,Nico,Young,M,Northern Arizona University,Track and field,NCAA-Varsity,Current
Athletics,Payton,Otterdahl,M,North Dakota State University,Track and field,NCAA-Varsity,
Athletics,Ryan,Crouser,M,University of Texas--Austin,Track and field,NCAA-Varsity,
Athletics,Sha'Carri,Richardson,F,Louisiana State University,Track and field,NCAA-Varsity,
Athletics,Tori,Franklin,F,Michigan State University,Track and field,NCAA-Varsity,
Athletics,Twanisha,Terry,F,University of Southern California,Track and field,NCAA-Varsity,
Athletics,Woody,Kincaid,M,University of Portland,Track and field,NCAA-Varsity,
Athletics,Zach,Ziemek,M,University of Wisconsin--Madison,Track and field,NCAA-Varsity,
Athletics,Aaliyah,Butler,F,University of Georgia,Track and field,NCAA-Varsity,Current
Athletics,Alexis,Holmes,F,University of Kentucky,Track and field,NCAA-Varsity,
Athletics,Alexis,Holmes,F,Pennsylvania State University--University Park,Track and field,NCAA-Varsity,
Athletics,Allie,Wilson,F,Monmouth University,Track and field,NCAA-Varsity,
Athletics,Anna,Hall,F,University of Florida,Track and field,NCAA-Varsity,
Athletics,Anna,Hall,F,University of Georgia,Track and field,NCAA-Varsity,
Athletics,Annette,Echikunwoke,F,University of Cincinnati,Track and field,NCAA-Varsity,
Athletics,Chari,Hawkins,F,Utah State University,Track and field,NCAA-Varsity,
Athletics,Chris,Nilsen,M,University of South Dakota,Track and field,NCAA-Varsity,
Athletics,Christopher,Bailey,M,Mississippi Valley State University,Track and field,NCAA-Varsity,
Athletics,Christopher,Bailey,M,University of Tennessee,Track and field,NCAA-Varsity,
Athletics,Christopher,Bailey,M,University of Arkansas,Track and field,NCAA-Varsity,
Athletics,Cole,Hocker,M,University of Oregon,Track and field,NCAA-Varsity,
Athletics,Curtis,Thompson,M,Mississippi State University,Track and field,NCAA-Varsity,
Athletics,DeAnna,Price,F,Southern Illinois University--Carbondale,Track and field,NCAA-Varsity,
Athletics,Elise,Cranny,F,Stanford University,Track and field,NCAA-Varsity,
Athletics,Elle,St. Pierre,F,University of New Hampshire,Track and field,NCAA-Varsity,
Athletics,Erin,Reese,F,University of Dayton,Track and field,NCAA-Varsity,
Athletics,Erin,Reese,F,Indiana State University,Track and field,NCAA-Varsity,
Athletics,Fred,Kerley,M,Texas A&M University--College Station,Track and field,NCAA-Varsity,
Athletics,Fred,Kerley,M,South Plains College,Track and field,Non NCAA-Varsity,
Athletics,Jacob,Wooten,M,Texas A&M University--College Station,Track and field,NCAA-Varsity,
Athletics,Juliette,Whittaker,F,Stanford University,Track and field,NCAA-Varsity,Current
Athletics,Karissa,Schweizer,F,University of Missouri,Track and field,NCAA-Varsity,
Athletics,Kendall,Ellis,F,University of Southern California,Track and field,NCAA-Varsity,
Athletics,Kenneth,Bednarek,M,Indian Hills Community College,Track and field,Non NCAA-Varsity,
Athletics,Kenneth,Rooks,M,Brigham Young University--Provo,Track and field,NCAA-Varsity,
Athletics,Matthew,Wilkinson,M,University of Minnesota--Twin Cities,Track and field,NCAA-Varsity,
Athletics,Matthew,Wilkinson,M,Carleton College,Track and field,NCAA-Varsity,
Athletics,Michael,Norman,M,University of Southern California,Track and field,NCAA-Varsity,
Athletics,Nia,Akins,F,University of Pennsylvania,Track and field,NCAA-Varsity,
Athletics,Quincy,Hall,M,University of South Carolina,Track and field,NCAA-Varsity,
Athletics,Quincy,Hall,M,College of the Sequoias,Track and field,Non NCAA-Varsity,
Athletics,Rachel,Glenn,F,University of South Carolina,Track and field,NCAA-Varsity,
Athletics,Rachel,Glenn,F,University of Arkansas,Track and field,NCAA-Varsity,Current
Athletics,Sam,Kendricks,M,University of Mississippi,Track and field,NCAA-Varsity,
Athletics,Taliyah,Brooks,F,University of Arkansas,Track and field,NCAA-Varsity,
Athletics,Yared,Nuguse,M,University of Notre Dame,Track and field,NCAA-Varsity,
Athletics,Valerie,Constien,F,University of Colorado--Boulder,Track and field,NCAA-Varsity,
Athletics,Courtney,Wayment,F,Brigham Young University--Provo,Track and field,NCAA-Varsity,
Athletics,Marisa,Howard,F,Boise State University,Track and field,NCAA-Varsity,
Athletics,Valarie,Allman,F,Stanford University,Track and field,NCAA-Varsity,
Athletics,Veronica,Fraley,F,Vanderbilt University,Track and field,NCAA-Varsity,
Athletics,Veronica,Fraley,F,Clemson University,Track and field,NCAA-Varsity,
Athletics,Grant,Holloway,M,University of Florida,Track and field,NCAA-Varsity,
Athletics,Freddie,Crittenden,M,Syracuse University,Track and field,NCAA-Varsity,
Athletics,Daniel,Roberts,M,University of Kentucky,Track and field,NCAA-Varsity,
Athletics,Abdihamid,Nur,M,Northern Arizona University,Track and field,NCAA-Varsity,
Athletics,Alaysha,Johnson,F,University of Oregon,Track and field,NCAA-Varsity,
Athletics,Alaysha,Johnson,F,Texas Tech University,Track and field,NCAA-Varsity,
Athletics,Andrew,Evans,M,University of Kentucky,Track and field,NCAA-Varsity,
Athletics,Anna,Cockrell,F,University of Southern California,Track and field,NCAA-Varsity,
Athletics,Brandon,Miller,M,Texas A&M University--College Station,Track and field,NCAA-Varsity,
Athletics,Bridget,Williams,F,University of Virginia,Track and field,NCAA-Varsity,
Athletics,Brittany,Brown,F,University of Iowa,Track and field,NCAA-Varsity,
Athletics,Bryce,Hoppel,M,University of Kansas,Track and field,NCAA-Varsity,
Athletics,Brynn,King,F,Duke University,Track and field,NCAA-Varsity,
Athletics,Brynn,King,F,Roberts Wesleyan University,Track and field,NCAA-Varsity,
Athletics,Chase,Jackson,F,Oklahoma State University,Track and field,NCAA-Varsity,
Athletics,CJ,Allen,M,Washington State University,Track and field,NCAA-Varsity,
Athletics,Daniel,Haugh,M,Kennesaw State University,Track and field,NCAA-Varsity,
Athletics,Daniel,Haugh,M,University of Alabama,Track and field,NCAA-Varsity,
Athletics,Donald,Scott,M,Eastern Michigan University,Track and field,NCAA-Varsity,
Athletics,Emily,Mackay,F,Binghamton University,Track and field,NCAA-Varsity,
Athletics,Gabby,Thomas,F,Harvard University,Track and field,NCAA-Varsity,
Athletics,Grace,Stark,F,University of Florida,Track and field,NCAA-Varsity,
Athletics,Jaida,Ross,F,University of Oregon,Track and field,NCAA-Varsity,Current
Athletics,James,Corrigan,M,Brigham Young University--Provo,Track and field,NCAA-Varsity,Current
Athletics,Jarrion,Lawson,M,University of Arkansas,Track and field,NCAA-Varsity,
Athletics,Jasmine,Jones,F,University of Southern California,Track and field,NCAA-Varsity,
Athletics,Jayden,Ulrich,F,University of Louisville,Track and field,NCAA-Varsity,Current
Athletics,Jayden,Ulrich,F,Indiana University--Bloomington,Track and field,NCAA-Varsity,
Athletics,Jeremiah,Davis,M,Florida State University,Track and field,NCAA-Varsity,Current
Athletics,Joseph,Brown,M,Texas A&M University--Commerce,Track and field,NCAA-Varsity,
Athletics,Katie,Moon,F,Ashland University,Track and field,NCAA-Varsity,
Athletics,Katie,Moon,F,University of Dayton,Track and field,NCAA-Varsity,
Athletics,Maggie,Malone-Hardin,F,Texas A&M University--College Station,Track and field,NCAA-Varsity,
Athletics,Maggie,Malone-Hardin,F,University of Nebraska--Lincoln,Track and field,NCAA-Varsity,
Athletics,Malcolm,Clemons,M,University of Florida,Track and field,NCAA-Varsity,Current
Athletics,Masai,Russell,F,University of Kentucky,Track and field,NCAA-Varsity,
Athletics,McKenzie,Long,F,University of Mississippi,Track and field,NCAA-Varsity,
Athletics,McKenzie,Long,F,North Carolina State University--Raleigh,Track and field,NCAA-Varsity,
Athletics,Monae',Nichols,F,Texas Tech University,Track and field,NCAA-Varsity,
Athletics,Monae',Nichols,F,Bethune-Cookman University,Track and field,NCAA-Varsity,
Athletics,Nikki,Hiltz,F,University of Arkansas,Track and field,NCAA-Varsity,
Athletics,Nikki,Hiltz,F,University of Oregon,Track and field,NCAA-Varsity,
Athletics,Rai,Benjamin,M,University of California--Los Angeles,Track and field,NCAA-Varsity,
Athletics,Rai,Benjamin,M,University of Southern California,Track and field,NCAA-Varsity,
Athletics,Raven,Saunders,F,University of Mississippi,Track and field,NCAA-Varsity,
Athletics,Raven,Saunders,F,Southern Illinois University--Carbondale,Track and field,NCAA-Varsity,
Athletics,Rudy,Winkler,M,"Rutgers, the State University of New Jersey--New Brunswick",Track and field,NCAA-Varsity,
Athletics,Rudy,Winkler,M,Cornell University,Track and field,NCAA-Varsity,
Athletics,Salif,Mane,M,Fairleigh Dickinson University,Track and field,NCAA-Varsity,Current
Athletics,Sam,Mattis,M,University of Pennsylvania,Track and field,NCAA-Varsity,
Athletics,Shelby,McEwen,M,University of Alabama,Track and field,NCAA-Varsity,
Athletics,Shelby,McEwen,M,Northwest Mississippi Community College,Basketball,Non NCAA-Varsity,
Athletics,Sydney,McLaughlin-Levrone,F,University of Kentucky,Track and field,NCAA-Varsity,
Athletics,Tara,Davis-Woodhall,F,University of Georgia,Track and field,NCAA-Varsity,
Athletics,Tara,Davis-Woodhall,F,University of Texas--Austin,Track and field,NCAA-Varsity,
Athletics,Trevor,Bassitt,M,Ashland University,Track and field,NCAA-Varsity,
Athletics,Weini,Kelati,F,University of New Mexico,Track and field,NCAA-Varsity,
Athletics,Aleia,Hobbs,F,Louisiana State University,Track and field,NCAA-Varsity,
Athletics,Bryce,Deadmon,M,Texas A&M University--College Station,Track and field,NCAA-Varsity,
Athletics,Christian,Coleman,M,University of Tennessee,Track and field,NCAA-Varsity,
Athletics,Courtney,Lindsey,F,Texas Tech University,Track and field,NCAA-Varsity,
Athletics,Courtney,Lindsey,F,Iowa Central Community College,Track and field,Non NCAA-Varsity,
Athletics,Graham,Blanks,M,Harvard University,Track and field,NCAA-Varsity,Current
Athletics,Isabella,Whittaker,F,University of Pennsylvania,Track and field,NCAA-Varsity,
Athletics,Isabella,Whittaker,F,University of Arkansas,Track and field,NCAA-Varsity,Current
Athletics,JuVaughn,Harrison,M,Louisiana State University,Track and field,NCAA-Varsity,
Athletics,Kaylyn,Brown,F,University of Arkansas,Track and field,NCAA-Varsity,Current
Athletics,Kyree,King,M,University of Oregon,Track and field,NCAA-Varsity,
Athletics,Kyree,King,M,Western Kentucky University,Track and field,NCAA-Varsity,
Athletics,Kyree,King,M,Mt. San Antonio College,Track and field,Non NCAA-Varsity,
Athletics,Parker,Valby,F,University of Florida,Track and field,NCAA-Varsity,Current
Athletics,Quanera,Hayes,F,Livingstone College,Track and field,NCAA-Varsity,
Athletics,Russell,Robinson,M,University of Miami,Track and field,NCAA-Varsity,
Athletics,Shamier,Little,F,Texas A&M University--College Station,Track and field,NCAA-Varsity,
Athletics,Vernon,Norwood,M,Louisiana State University,Track and field,NCAA-Varsity,
Athletics,Vernon,Norwood,M,South Plains College,Track and field,Non NCAA-Varsity,
Athletics,Vernon,Turner,M,University of Oklahoma,Track and field,NCAA-Varsity,
Athletics,Whittni,Morgan,F,Brigham Young University--Provo,Track and field,NCAA-Varsity,
Basketball,Bam,Adebayo,M,University of Kentucky,Basketball,NCAA-Varsity,
Basketball,Devin,Booker,M,University of Kentucky,Basketball,NCAA-Varsity,
Basketball,Stephen,Curry,M,Davidson College,Basketball,NCAA-Varsity,
Basketball,Anthony,Davis,M,University of Kentucky,Basketball,NCAA-Varsity,
Basketball,Kevin,Durant,M,University of Texas--Austin,Basketball,NCAA-Varsity,
Basketball,Anthony,Edwards,M,University of Georgia,Basketball,NCAA-Varsity,
Basketball,Joel,Embiid,M,University of Kansas,Basketball,NCAA-Varsity,
Basketball,Tyrese,Haliburton,M,Iowa State University,Basketball,NCAA-Varsity,
Basketball,Jrue,Holiday,M,University of California--Los Angeles,Basketball,NCAA-Varsity,
Basketball,Kawhi,Leonard,M,San Diego State University,Basketball,NCAA-Varsity,
Basketball,Jayson,Tatum,M,Duke University,Basketball,NCAA-Varsity,
Basketball,Aâ€™ja,Wilson,F,University of South Carolina,Basketball,NCAA-Varsity,
Basketball,Alyssa,Thomas,F,University of Maryland--College Park,Basketball,NCAA-Varsity,
Basketball,Breanna,Stewart,F,University of Connecticut,Basketball,NCAA-Varsity,
Basketball,Brittney,Griner,F,Baylor University,Basketball,NCAA-Varsity,
Basketball,Chelsea,Gray,F,Duke University,Basketball,NCAA-Varsity,
Basketball,Diana,Taurasi,F,University of Connecticut,Basketball,NCAA-Varsity,
Basketball,Jackie,Young,F,University of Notre Dame,Basketball,NCAA-Varsity,
Basketball,Jewell,Loyd,F,University of Notre Dame,Basketball,NCAA-Varsity,
Basketball,Kahleah,Copper,F,"Rutgers, the State University of New Jersey--New Brunswick",Basketball,NCAA-Varsity,
Basketball,Kelsey,Plum,F,University of Washington,Basketball,NCAA-Varsity,
Basketball,Napheesa,Collier,F,University of Connecticut,Basketball,NCAA-Varsity,
Basketball,Sabrina,Ionescu,F,University of Oregon,Basketball,NCAA-Varsity,
Basketball - 3x3,Canyon,Barry,M,College of Charleston,Basketball,NCAA-Varsity,
Basketball - 3x3,Canyon,Barry,M,University of Florida,Basketball,NCAA-Varsity,
Basketball - 3x3,Dylan,Travis,M,Midland University,Basketball,Non NCAA-Varsity,
Basketball - 3x3,Dylan,Travis,M,Iowa Central Community College,Basketball,Non NCAA-Varsity,
Basketball - 3x3,Dylan,Travis,M,Florida Southern College,Basketball,NCAA-Varsity,
Basketball - 3x3,Jimmer,Fredette,M,Brigham Young University--Provo,Basketball,NCAA-Varsity,
Basketball - 3x3,Kareem,Maddox,M,Princeton University,Basketball,NCAA-Varsity,
Basketball - 3x3,Cierra,Burdick,F,University of Tennessee,Basketball,NCAA-Varsity,
Basketball - 3x3,Hailey,Van Lith,F,University of Louisville,Basketball,NCAA-Varsity,
Basketball - 3x3,Hailey,Van Lith,F,Louisiana State University,Basketball,NCAA-Varsity,
Basketball - 3x3,Hailey,Van Lith,F,Texas Christian University,Basketball,NCAA-Varsity,Current
Basketball - 3x3,Rhyne,Howard,F,University of Kentucky,Volleyball,NCAA-Varsity,
Basketball - 3x3,Dearica,Hamby,F,Wake Forest University,Basketball,NCAA-Varsity,
Beach Volleyball,Andy,Benesh,M,University of Southern California,Volleyball,NCAA-Varsity,
Beach Volleyball,Kelly,Cheng,F,University of Southern California,Beach Volleyball,NCAA-Varsity,
Beach Volleyball,Kristen,Nuss,F,Louisiana State University,Beach Volleyball,NCAA-Varsity,
Beach Volleyball,Miles,Partain,M,University of California--Los Angeles,Volleyball,NCAA-Varsity,
Beach Volleyball,Sara,Hughes,F,University of Southern California,Beach Volleyball,NCAA-Varsity,
Beach Volleyball,Taryn,Kloth,F,Louisiana State University,Beach Volleyball,NCAA-Varsity,
Beach Volleyball,Taryn,Kloth,F,Creighton University,Volleyball,NCAA-Varsity,
Beach Volleyball,Chase,Budinger,M,University of Arizona,Basketball,NCAA-Varsity,
Beach Volleyball,Miles,Evans,M,University of California--Santa Barbara,Volleyball,NCAA-Varsity,
Beach Volleyball,Miles,Evans,M,Santa Barbara City College,Volleyball,Non NCAA-Varsity,
BMX Racing,Felicia,Stancil,F,Marian University - Indiana,Cycling,Non NCAA-Varsity,
Diving,Kassidy,Cook,F,Stanford University,Diving,NCAA-Varsity,
Diving,Sarah,Bacon,F,University of Minnesota--Twin Cities,Diving,NCAA-Varsity,
Diving,Delaney,Schnell,F,University of Arizona,Diving,NCAA-Varsity,
Diving,Greg,Duncan,M,Purdue University--West Lafayette,Diving,NCAA-Varsity,
Diving,Greg,Duncan,M,University of North Carolina--Chapel Hill,Diving,NCAA-Varsity,
Diving,Jess,Parratto,F,Indiana University--Bloomington,Diving,NCAA-Varsity,
Diving,Tyler,Downs,M,Purdue University--West Lafayette,Diving,NCAA-Varsity,
Diving,Alison,Gibson,F,University of Texas--Austin,Diving,NCAA-Varsity,
Diving,Carson,Tyler,M,Indiana University--Bloomington,Diving,NCAA-Varsity,Current
Diving,Andrew,Capobianco,M,Indiana University--Bloomington,Diving,NCAA-Varsity,
Diving,Daryn,Wright,F,Purdue University--West Lafayette,Track and field,NCAA-Varsity,Current
Fencing,Alexander,Massialas,M,Stanford University,Fencing,NCAA-Varsity,
Fencing,Anne,Cebula,F,Columbia University,Fencing,NCAA-Varsity,
Fencing,Colin,Heathcock,M,Harvard University,Fencing,NCAA-Varsity,Current
Fencing,Eli,Dershwitz,M,Harvard University,Fencing,NCAA-Varsity,
Fencing,Elizabeth,Tartakovsky,F,Harvard University,Fencing,NCAA-Varsity,
Fencing,Gerek,Meinhardt,M,University of Notre Dame,Fencing,NCAA-Varsity,
Fencing,Hadley,Husisian,F,Princeton University,Fencing,NCAA-Varsity,Current
Fencing,Jackie,Dubrovich,F,Columbia University,Fencing,NCAA-Varsity,
Fencing,Lauren,Scruggs,F,Harvard University,Fencing,NCAA-Varsity,Current
Fencing,Lee,Kiefer,F,University of Notre Dame,Fencing,NCAA-Varsity,
Fencing,Magda,Skarbonkiewicz,F,University of Notre Dame,Fencing,NCAA-Varsity,Current
Fencing,Margherita,Guzzi Vincenti,F,Pennsylvania State University--University Park,Fencing,NCAA-Varsity,
Fencing,Mitchell,Saron,M,Harvard University,Fencing,NCAA-Varsity,
Fencing,Nick,Itkin,M,University of Notre Dame,Fencing,NCAA-Varsity,
Fencing,Tatiana,Nazlymov,F,Princeton University,Fencing,NCAA-Varsity,Current
Field Hockey,Abby,Tamer,F,University of Michigan--Ann Arbor,Field Hockey,NCAA-Varsity,Current
Field Hockey,Ally,Hammel,F,Boston University,Field Hockey,NCAA-Varsity,
Field Hockey,Amanda,Golini,F,Lafayette College,Field Hockey,NCAA-Varsity,
Field Hockey,Ashley,Hoffman,F,University of North Carolina--Chapel Hill,Field Hockey,NCAA-Varsity,
Field Hockey,Ashley,Sessa,F,University of North Carolina--Chapel Hill,Field Hockey,NCAA-Varsity,
Field Hockey,Ashley,Sessa,F,Northwestern University,Field Hockey,NCAA-Varsity,Current
Field Hockey,Beth,Yeager,F,Princeton University,Field Hockey,NCAA-Varsity,Current
Field Hockey,Brooke,DeBerdine,F,University of Maryland--College Park,Field Hockey,NCAA-Varsity,
Field Hockey,Emma,DeBerdine,F,University of Maryland--College Park,Field Hockey,NCAA-Varsity,
Field Hockey,Karlie,Kisha,F,University of Connecticut,Field Hockey,NCAA-Varsity,
Field Hockey,Kelee,Lepage,F,University of Maryland--College Park,Field Hockey,NCAA-Varsity,
Field Hockey,Kelsey,Bing,F,Stanford University,Field Hockey,NCAA-Varsity,
Field Hockey,Leah,Crouse,F,Duke University,Field Hockey,NCAA-Varsity,
Field Hockey,Leah,Crouse,F,University of Maryland--College Park,Field Hockey,NCAA-Varsity,
Field Hockey,Maddie,Zimmer,F,Northwestern University,Field Hockey,NCAA-Varsity,Current
Field Hockey,Megan,Valzonis,F,University of California--Berkeley,Field Hockey,NCAA-Varsity,
Field Hockey,Meredith,Sholder,F,University of North Carolina--Chapel Hill,Field Hockey,NCAA-Varsity,
Field Hockey,Phia,Gladieux,F,Pennsylvania State University--University Park,Field Hockey,NCAA-Varsity,Current
Golf,Scottie,Scheffler,M,University of Texas--Austin,Golf,NCAA-Varsity,
Golf,Collin,Morikawa,M,University of California--Berkeley,Golf,NCAA-Varsity,
Golf,Wyndham,Clark,M,University of Oregon,Golf,NCAA-Varsity,
Golf,Xander,Schauffele,M,California State University--Long Beach,Golf,NCAA-Varsity,
Golf,Xander,Schauffele,M,San Diego State University,Golf,NCAA-Varsity,
Golf,Lilia,Vu,F,University of California--Los Angeles,Golf,NCAA-Varsity,
Golf,Rose,Zhang,F,Stanford University,Golf,NCAA-Varsity,
Judo,John,Jayne,M,University of Chicago,Wrestling,NCAA-Varsity,
Modern Pentathlon,Jessica,Davis,F,Central Connecticut State University,Track and field,NCAA-Varsity,
Mountain Bike,Savilia,Blunk,F,Fort Lewis College,Cycling,Club/Rec,
Road Cycling,Taylor,Knibb,F,Cornell University,Track and field,NCAA-Varsity,
Road Cycling,Taylor,Knibb,F,Cornell University,Swimming,NCAA-Varsity,
Road Cycling,Chloe,Dygert,F,Marian University - Indiana,Cycling,Non NCAA-Varsity,
Rowing,Azja,Czajkowski,F,Stanford University,Rowing,NCAA-Varsity,
Rowing,Billy,Bender,M,Dartmouth College,Rowing,Non NCAA-Varsity,
Rowing,Charlotte,Buck,F,Columbia University,Rowing,NCAA-Varsity,
Rowing,Claire,Collins,F,Princeton University,Rowing,NCAA-Varsity,
Rowing,Emily,Kallfelz,F,Princeton University,Rowing,NCAA-Varsity,
Rowing,Jessica,Thoennes,F,University of Washington,Rowing,NCAA-Varsity,
Rowing,Justin,Best,M,Drexel University,Rowing,Non NCAA-Varsity,
Rowing,Kaitlin,Knifton,F,University of Texas--Austin,Rowing,NCAA-Varsity,
Rowing,Kara,Kohler,F,University of California--Berkeley,Rowing,NCAA-Varsity,
Rowing,Kelsey,Reelick,F,Princeton University,Rowing,NCAA-Varsity,
Rowing,Kristi,Wagner,F,Yale University,Rowing,NCAA-Varsity,
Rowing,Liam,Corrigan,M,Harvard University,Rowing,Non NCAA-Varsity,
Rowing,Madeleine,Wanamaker,F,University of Wisconsin--Madison,Rowing,NCAA-Varsity,
Rowing,Margaret,Hedeman,F,Yale University,Rowing,NCAA-Varsity,
Rowing,Mary,Mazzio-Manson,F,Yale University,Rowing,NCAA-Varsity,
Rowing,Mary,Mazzio-Manson,F,University of Texas--Austin,Rowing,NCAA-Varsity,
Rowing,Meghan,Musnicki,F,Ithaca College,Rowing,NCAA-Varsity,
Rowing,Meghan,Musnicki,F,St. Lawrence University,Rowing,NCAA-Varsity,
Rowing,Michael,Grady,M,Cornell University,Rowing,Non NCAA-Varsity,
Rowing,Michelle,Sechser,F,University of Tulsa,Rowing,NCAA-Varsity,
Rowing,Molly,Bruggeman,F,University of Notre Dame,Rowing,NCAA-Varsity,
Rowing,Molly,Reckford,F,Dartmouth College,Rowing,NCAA-Varsity,
Rowing,Nick,Mead,M,Princeton University,Rowing,Non NCAA-Varsity,
Rowing,Nina,Castagna,F,University of Washington,Rowing,NCAA-Varsity,
Rowing,Oliver,Bub,M,Dartmouth College,Rowing,Non NCAA-Varsity,
Rowing,Olivia,Coffey,F,Harvard University,Rowing,NCAA-Varsity,
Rowing,Regina,Salmons,F,University of Pennsylvania,Rowing,NCAA-Varsity,
Rowing,Sophia,Vitas,F,University of Wisconsin--Madison,Rowing,NCAA-Varsity,
Rowing,Benjamin,Davison,M,University of Washington,Rowing,Non NCAA-Varsity,
Rowing,Christian,Tabash,M,University of California--Berkeley,Rowing,Non NCAA-Varsity,
Rowing,Christian,Tabash,M,Harvard University,Rowing,Non NCAA-Varsity,
Rowing,Christopher,Carlson,M,University of Washington,Rowing,Non NCAA-Varsity,
Rowing,Christopher,Carlson,M,Marist College,Rowing,Non NCAA-Varsity,
Rowing,Clark,Dean,M,Harvard University,Rowing,Non NCAA-Varsity,
Rowing,Emily,Delleman,F,Stanford University,Rowing,NCAA-Varsity,
Rowing,Evan,Olson,M,University of Washington,Rowing,Non NCAA-Varsity,
Rowing,Grace,Joyce,F,University of Wisconsin--Madison,Rowing,NCAA-Varsity,
Rowing,Henry,Hollingsworth,M,Brown University,Rowing,Non NCAA-Varsity,
Rowing,Jacob,Plihal,M,Northeastern University,Rowing,Non NCAA-Varsity,
Rowing,Lauren,O'Connor,F,University of Wisconsin--Madison,Rowing,NCAA-Varsity,
Rowing,Nicholas,Rusher,M,Yale University,Rowing,Non NCAA-Varsity,
Rowing,Peter,Chatain,M,Stanford University,Rowing,Non NCAA-Varsity,
Rowing,Pieter,Quinton,M,University of Washington,Rowing,Non NCAA-Varsity,
Rowing,Pieter,Quinton,M,Harvard University,Rowing,Non NCAA-Varsity,
Rowing,Rielly,Milne,M,University of Washington,Rowing,Non NCAA-Varsity,
Rowing,Sorin,Koszyk,M,Cornell University,Rowing,Non NCAA-Varsity,
Rowing,Teal,Cohen,F,University of Washington,Rowing,NCAA-Varsity,
Rugby,Alena,Olsen,F,University of Michigan--Ann Arbor,Rugby,Club/Rec,
Rugby,Alev,Kelter,F,University of Wisconsin--Madison,Ice Hockey,NCAA-Varsity,
Rugby,Alev,Kelter,F,University of Wisconsin--Madison,Soccer,NCAA-Varsity,
Rugby,Ariana,Ramsey,F,Dartmouth College,Rugby,NCAA-Varsity,
Rugby,Ilona,Maher,F,Quinnipiac University,Rugby,NCAA-Varsity,
Rugby,Ilona,Maher,F,Norwich University,Rugby,NCAA-Varsity,
Rugby,Kayla,Canett,F,Pennsylvania State University--University Park,Rugby,Club/Rec,
Rugby,Kristi,Kirshe,F,Williams College,Soccer,NCAA-Varsity,
Rugby,Lauren,Doyle,F,Eastern Illinois University,Rugby,NCAA-Varsity,
Rugby,Naya,Tapper,F,University of North Carolina--Chapel Hill,Rugby,Club/Rec,
Rugby,Sammy,Sullivan,F,United States Military Academy,Rugby,NCAA-Varsity,
Rugby,Sarah,Levy,F,Bowdoin College,Rugby,NCAA-Varsity,
Rugby,Spiff,Sedrick,F,Life University,Rugby,Non NCAA-Varsity,
Rugby,Steph,Rovetti,F,Brigham Young University--Provo,Basketball,NCAA-Varsity,
Rugby,Steph,Rovetti,F,California State University--Fresno,Basketball,NCAA-Varsity,
Rugby,Aaron,Cummings,M,Davenport University,Rugby,Non NCAA-Varsity,
Rugby,Kevon,Williams,M,New Mexico Highlands University,Football,NCAA-Varsity,
Rugby,Kevon,Williams,M,New Mexico Highlands University,Rugby,Club/Rec,
Rugby,Lucas,Lacamp,M,University of California--Los Angeles,Rugby,Club/Rec,
Rugby,Madison,Hughes,M,Dartmouth College,Rugby,Club/Rec,
Rugby,Malacchi,Esdale,M,ASA College,Football,Non NCAA-Varsity,
Rugby,Malacchi,Esdale,M,University of Central Florida,Rugby,Club/Rec,
Rugby,Marcus,Tupuola,M,Notre Dame College (Ohio),Rugby,Non NCAA-Varsity,
Rugby,Matai,Leuta,M,Monterey Peninsula College,Football,Non NCAA-Varsity,
Rugby,Orrin,Bizer,M,Life University,Rugby,Non NCAA-Varsity,
Rugby,Perry,Baker,M,Fairmont State University,Football,NCAA-Varsity,
Rugby,Stephen,Tomasin,M,San Diego State University,Rugby,Club/Rec,
Sailing,Daniela,Moroz,F,University of Hawaii--Manoa,Sailing,Non NCAA-Varsity,
Sailing,Erika,Reineke,F,Boston College,Sailing,Non NCAA-Varsity,
Sailing,Hans,Henken,M,Stanford University,Sailing,Non NCAA-Varsity,
Sailing,Ian,Barrows,M,Yale University,Sailing,Non NCAA-Varsity,
Sailing,Lara,Dallman-Weiss,F,Eckerd College,Sailing,Non NCAA-Varsity,
Sailing,Maggie,Shea,F,Connecticut College,Sailing,Non NCAA-Varsity,
Sailing,Stephanie,Roble,F,Old Dominion University,Sailing,Non NCAA-Varsity,
Sailing,Stuart,McNay,M,Yale University,Sailing,Non NCAA-Varsity,
Sailing,Markus,Edegran,M,United States Naval Academy,Sailing,Non NCAA-Varsity,
Sailing,Markus,Edegran,M,St. Mary's College of Maryland,Sailing,Non NCAA-Varsity,
Sailing,David,Liebenberg,M,Tufts University,Sailing,Non NCAA-Varsity,
Shooting-Pistol,Katelyn,Abeln,F,Ohio State University--Columbus,Shooting-Pistol,Non NCAA-Varsity,
Shooting-Pistol,Henry,Leverett,M,Ohio State University--Columbus,Shooting-Pistol,Non NCAA-Varsity,
Shooting-Pistol,Ada,Korkhin,F,Ohio State University--Columbus,Shooting,Non NCAA-Varsity,Current
Shooting-Rifle,Ivan,Roe,M,Murray State University - Murray,Shooting-Rifle,NCAA-Varsity,
Shooting-Rifle,Mary,Tucker Carolynn,F,West Virginia University,Shooting-Rifle,NCAA-Varsity,
Shooting-Rifle,Mary,Tucker Carolynn,F,University of Kentucky,Shooting-Rifle,NCAA-Varsity,
Shooting-Rifle,Sagen,Maddalena,F,University of Alaska--Fairbanks,Shooting-Rifle,NCAA-Varsity,
Shooting-Rifle,Rylan,Kissell,M,University of Alaska--Fairbanks,Shooting-Rifle,NCAA-Varsity,Current
Soccer,Alyssa,Naeher,F,Pennsylvania State University--University Park,Soccer,NCAA-Varsity,
Soccer,Casey,Krueger,F,Florida State University,Soccer,NCAA-Varsity,
Soccer,Casey,Murphy,F,"Rutgers, the State University of New Jersey--New Brunswick",Soccer,NCAA-Varsity,
Soccer,Catarina,Macario,F,Stanford University,Soccer,NCAA-Varsity,
Soccer,Crystal,Dunn,F,University of North Carolina--Chapel Hill,Soccer,NCAA-Varsity,
Soccer,Emily,Fox,F,University of North Carolina--Chapel Hill,Soccer,NCAA-Varsity,
Soccer,Emily,Sonnett,F,University of Virginia,Soccer,NCAA-Varsity,
Soccer,Jenna,Nighswonger,F,Florida State University,Soccer,NCAA-Varsity,
Soccer,Korbin,Albert,F,University of Notre Dame,Soccer,NCAA-Varsity,
Soccer,Naomi,Girma,F,Stanford University,Soccer,NCAA-Varsity,
Soccer,Rose,Lavelle,F,University of Wisconsin--Madison,Soccer,NCAA-Varsity,
Soccer,Sam,Coffey,F,Pennsylvania State University--University Park,Soccer,NCAA-Varsity,
Soccer,Sam,Coffey,F,Boston College,Soccer,NCAA-Varsity,
Soccer,Sophia,Smith,F,Stanford University,Soccer,NCAA-Varsity,
Soccer,Tierna,Davidson,F,Stanford University,Soccer,NCAA-Varsity,
Soccer,Patrick,Schulte,M,St. Louis University,Soccer,NCAA-Varsity,
Soccer,Miles,Robinson,M,Syracuse University,Soccer,NCAA-Varsity,
Soccer,Walker,Zimmerman,M,Furman University,Soccer,NCAA-Varsity,
Soccer,Duncan,McGuire,M,Creighton University,Soccer,NCAA-Varsity,
Swimming,Ivan,Puskovitch,F,University of Southern California,Swimming,NCAA-Varsity,
Swimming,Ivan,Puskovitch,F,West Virginia University,Swimming,NCAA-Varsity,
Swimming,Mariah,Denigan,M,Indiana University--Bloomington,Swimming,NCAA-Varsity,Current
Swimming,Aaron,Shackell,M,University of California--Berkeley,Swimming,NCAA-Varsity,
Swimming,Aaron,Shackell,M,University of Texas--Austin,Swimming,NCAA-Varsity,Current
Swimming,Carson,Foster,M,University of Texas--Austin,Swimming,NCAA-Varsity,
Swimming,Gretchen,Walsh,F,University of Virginia,Swimming,NCAA-Varsity,Current
Swimming,Katie,Ledecky,F,Stanford University,Swimming,NCAA-Varsity,
Swimming,Nic,Fink,M,University of Georgia,Swimming,NCAA-Varsity,
Swimming,Chris,Guiliano,M,University of Notre Dame,Swimming,NCAA-Varsity,Current
Swimming,Erin,Gemmell,F,University of Texas--Austin,Swimming,NCAA-Varsity,Current
Swimming,Kieran,Smith,M,University of Florida,Swimming,NCAA-Varsity,
Swimming,Lilly,King,F,Indiana University--Bloomington,Swimming,NCAA-Varsity,
Swimming,Luke,Hobson,M,University of Texas--Austin,Swimming,NCAA-Varsity,Current
Swimming,Paige,Madden,F,University of Virginia,Swimming,NCAA-Varsity,
Swimming,Ryan,Murphy,M,University of California--Berkeley,Swimming,NCAA-Varsity,
Swimming,Drew,Kibler,M,University of Texas--Austin,Swimming,NCAA-Varsity,
Swimming,Bobby,Finke,M,University of Florida,Swimming,NCAA-Varsity,
Swimming,Caeleb,Dressel,M,University of Florida,Swimming,NCAA-Varsity,
Swimming,Hunter,Armstrong,M,West Virginia University,Swimming,NCAA-Varsity,
Swimming,Hunter,Armstrong,M,Ohio State University--Columbus,Swimming,NCAA-Varsity,
Swimming,Jack,Alexy,M,University of California--Berkeley,Swimming,NCAA-Varsity,Current
Swimming,Kate,Douglass,F,University of Virginia,Swimming,NCAA-Varsity,
Swimming,Matt,Fallon,M,University of Pennsylvania,Swimming,NCAA-Varsity,Current
Swimming,Regan,Smith,F,Stanford University,Swimming,NCAA-Varsity,
Swimming,Simone,Manuel,F,Stanford University,Swimming,NCAA-Varsity,
Swimming,Torri,Huske,F,Stanford University,Swimming,NCAA-Varsity,Current
Swimming,Emma,Weber,F,University of Virginia,Swimming,NCAA-Varsity,Current
Swimming,Emma,Weyant,F,University of Florida,Swimming,NCAA-Varsity,Current
Swimming,Emma,Weyant,F,University of Virginia,Swimming,NCAA-Varsity,
Swimming,Katharine,Berkoff,F,North Carolina State University--Raleigh,Swimming,NCAA-Varsity,
Swimming,Phoebe,Bacon,F,University of Wisconsin--Madison,Swimming,NCAA-Varsity,Current
Swimming,Shaine,Casas,M,Texas A&M University--College Station,Swimming,NCAA-Varsity,
Swimming,Abbey,Weitzeil,F,University of California--Berkeley,Swimming,NCAA-Varsity,
Swimming,Alex,Walsh,F,University of Virginia,Swimming,NCAA-Varsity,
Swimming,Anna,Peplowski,F,Indiana University--Bloomington,Swimming,NCAA-Varsity,Current
Swimming,Blake,Pieroni,M,Indiana University--Bloomington,Swimming,NCAA-Varsity,
Swimming,Brooks,Curry,M,Louisiana State University,Swimming,NCAA-Varsity,
Swimming,Charlie,Swanson,M,University of Michigan--Ann Arbor,Swimming,NCAA-Varsity,
Swimming,David,Johnston,M,University of Texas--Austin,Swimming,NCAA-Varsity,Current
Swimming,Erika,Connolly,F,University of Tennessee,Swimming,NCAA-Varsity,
Swimming,Josh,Matheny,M,Indiana University--Bloomington,Swimming,NCAA-Varsity,Current
Swimming,Keaton,Jones,M,University of California--Berkeley,Swimming,NCAA-Varsity,Current
Swimming,Luca,Urlando,M,University of Georgia,Swimming,NCAA-Varsity,
Swimming,Luke,Whitlock,M,University of Florida,Swimming,NCAA-Varsity,Current
Swimming,Matt,King,M,University of Virginia,Swimming,NCAA-Varsity,Current
Swimming,Matt,King,M,University of Alabama,Swimming,NCAA-Varsity,
Swimming,Ryan,Held,M,North Carolina State University--Raleigh,Swimming,NCAA-Varsity,
Swimming,Chase,Kalisz,M,University of Georgia,Swimming,NCAA-Varsity,
Table Tennis,Amy,Wang,F,University of California--Los Angeles,Table Tennis,Club/Rec,Current
Table Tennis,Rachel,Sung,F,University of California--Los Angeles,Table Tennis,Club/Rec,Current
Taekwondo,Jonathan,Healy,M,Liberty University,Taekwondo,Club/Rec,
Tennis,Austin,Krajicek,M,Texas A&M University--College Station,Tennis,NCAA-Varsity,
Tennis,Chris,Eubanks,M,Georgia Institute of Technology,Tennis,NCAA-Varsity,
Tennis,Danielle,Collins,F,University of Florida,Tennis,NCAA-Varsity,
Tennis,Danielle,Collins,F,University of Virginia,Tennis,NCAA-Varsity,
Tennis,Desirae,Krawczyk,F,Arizona State University,Tennis,NCAA-Varsity,
Tennis,Emma,Navarro,F,University of Virginia,Tennis,NCAA-Varsity,
Tennis,Marcos,Giron,M,University of California--Los Angeles,Tennis,NCAA-Varsity,
Tennis,Rajeev,Ram,M,University of Illinois--Urbana-Champaign,Tennis,NCAA-Varsity,
Track Cycling,Grant,Koontz,M,Texas A&M University--College Station,Cycling,Club/Rec,
Track Cycling,Kristen,Faulkner,F,Harvard University,Rowing,NCAA-Varsity,
Track Cycling,Lily,Williams,F,Vanderbilt University,Track and field,NCAA-Varsity,
Track Cycling,Olivia,Cummins,F,Colorado Mesa University,Cycling,Club/Rec,Current
Triathlon,Morgan,Pearson,M,Duke University,Track and field,NCAA-Varsity,
Triathlon,Morgan,Pearson,M,University of Colorado--Boulder,Track and field,NCAA-Varsity,
Triathlon,Taylor,Knibb,F,Cornell University,Track and field,NCAA-Varsity,
Triathlon,Taylor,Knibb,F,Cornell University,Swimming,NCAA-Varsity,
Triathlon,Kirsten,Kasper,F,Georgetown University,Track and field,NCAA-Varsity,
Triathlon,Seth,Rider,M,Queens University of Charlotte,Triathlon,Non NCAA-Varsity,
Triathlon,Taylor,Spivey,F,California Polytechnic State University--San Luis Obispo,Swimming,NCAA-Varsity,
Volleyball,Aaron,Russell,M,Pennsylvania State University--University Park,Volleyball,NCAA-Varsity,
Volleyball,David,Smith,M,University of California--Irvine,Volleyball,NCAA-Varsity,
Volleyball,Erik,Shoji,M,Stanford University,Volleyball,NCAA-Varsity,
Volleyball,Garrett,Muagututia,M,University of California--Los Angeles,Volleyball,NCAA-Varsity,
Volleyball,Jeffrey,Jendryk II,M,Loyola University Chicago,Volleyball,NCAA-Varsity,
Volleyball,Matt,Anderson,M,Pennsylvania State University--University Park,Volleyball,NCAA-Varsity,
Volleyball,Maxwell,Holt,M,Pennsylvania State University--University Park,Volleyball,NCAA-Varsity,
Volleyball,Micah,Christenson,M,University of Southern California,Volleyball,NCAA-Varsity,
Volleyball,Micah,Ma'a,M,University of California--Los Angeles,Volleyball,NCAA-Varsity,
Volleyball,Taylor,Averill,M,University of Hawaii--Manoa,Volleyball,NCAA-Varsity,
Volleyball,Thomas,Jaeschke,M,Loyola University Chicago,Volleyball,NCAA-Varsity,
Volleyball,Torey,DeFalco,M,California State University--Long Beach,Volleyball,NCAA-Varsity,
Volleyball,Andrea,Drews,F,Purdue University--West Lafayette,Volleyball,NCAA-Varsity,
Volleyball,Avery,Skinner,F,University of Kentucky,Volleyball,NCAA-Varsity,
Volleyball,Avery,Skinner,F,Baylor University,Volleyball,NCAA-Varsity,
Volleyball,Chiaka,Ogbogu,F,University of Texas--Austin,Volleyball,NCAA-Varsity,
Volleyball,Dana,Rettke,F,University of Wisconsin--Madison,Volleyball,NCAA-Varsity,
Volleyball,Haleigh,Washington,F,Pennsylvania State University--University Park,Volleyball,NCAA-Varsity,
Volleyball,Jordan,Larson,F,University of Nebraska--Lincoln,Volleyball,NCAA-Varsity,
Volleyball,Jordan,Thompson,F,University of Cincinnati,Volleyball,NCAA-Varsity,
Volleyball,Jordyn,Poulter,F,University of Illinois--Urbana-Champaign,Volleyball,NCAA-Varsity,
Volleyball,Justine,Wong-Orantes,F,University of Nebraska--Lincoln,Volleyball,NCAA-Varsity,
Volleyball,Kathryn,Plummer,F,Stanford University,Volleyball,NCAA-Varsity,
Volleyball,Kelsey,Robinson,F,University of Tennessee,Volleyball,NCAA-Varsity,
Volleyball,Kelsey,Robinson,F,University of Nebraska--Lincoln,Volleyball,NCAA-Varsity,
Volleyball,Lauren,Carlini,F,University of Wisconsin--Madison,Volleyball,NCAA-Varsity,
Water Polo,Amanda,Longan,F,University of Southern California,Water Polo,NCAA-Varsity,
Water Polo,Ashleigh,Johnson,F,Princeton University,Water Polo,NCAA-Varsity,
Water Polo,Emily,Ausmus,F,University of Southern California,Water Polo,NCAA-Varsity,Current
Water Polo,Jenna,Flynn,F,Stanford University,Water Polo,NCAA-Varsity,Current
Water Polo,Jewel,Roemer,F,Stanford University,Water Polo,NCAA-Varsity,Current
Water Polo,Jordan,Raney,F,Stanford University,Water Polo,NCAA-Varsity,
Water Polo,Jovana,Sekulic,F,Princeton University,Water Polo,NCAA-Varsity,Current
Water Polo,Kaleigh,Gilchrist,F,University of Southern California,Water Polo,NCAA-Varsity,
Water Polo,Maddie,Musselman,F,University of California--Los Angeles,Water Polo,NCAA-Varsity,
Water Polo,Maggie,Steffens,F,Stanford University,Water Polo,NCAA-Varsity,
Water Polo,Rachel,Fattal,F,University of California--Los Angeles,Water Polo,NCAA-Varsity,
Water Polo,Ryann,Neushul,F,Stanford University,Water Polo,NCAA-Varsity,Current
Water Polo,Tara,Prentice,F,University of California--Irvine,Water Polo,NCAA-Varsity,
Water Polo,Tara,Prentice,F,University of California--Los Angeles,Water Polo,NCAA-Varsity,
Water Polo,Adrian,Weinberg,M,University of California--Berkeley,Water Polo,NCAA-Varsity,
Water Polo,Johnny,Hooper,M,University of California--Berkeley,Water Polo,NCAA-Varsity,
Water Polo,Marko,Vavic,M,University of Southern California,Water Polo,NCAA-Varsity,
Water Polo,Alex,Obert,M,University of the Pacific,Water Polo,NCAA-Varsity,
Water Polo,Hannes,Daube,M,University of Southern California,Water Polo,NCAA-Varsity,
Water Polo,Luca,Cupido,M,University of California--Berkeley,Water Polo,NCAA-Varsity,
Water Polo,Ben,Hallock,M,Stanford University,Water Polo,NCAA-Varsity,
Water Polo,Dylan,Woodhead,M,Stanford University,Water Polo,NCAA-Varsity,
Water Polo,Alex,Bowen,M,Stanford University,Water Polo,NCAA-Varsity,
Water Polo,Chase,Dodd,M,University of California--Los Angeles,Water Polo,NCAA-Varsity,
Water Polo,Ryder,Dodd,M,University of California--Los Angeles,Water Polo,NCAA-Varsity,Current
Water Polo,Max,Irving,M,University of California--Los Angeles,Water Polo,NCAA-Varsity,
Water Polo,Drew,Holland,M,Stanford University,Water Polo,NCAA-Varsity,
Weightlifting,Mary,Theisen-Lappen,F,Winona State University,Track and field,NCAA-Varsity,
Weightlifting,Mary,Theisen-Lappen,F,Indiana State University,Track and field,NCAA-Varsity,
Weightlifting,Wesley,Kitts,M,Austin Peay State University,Football,NCAA-Varsity,
Wrestling,Aaron,Marquel Brooks,M,Pennsylvania State University--University Park,Wrestling,NCAA-Varsity,
Wrestling,Adam,Coon,M,University of Michigan--Ann Arbor,Wrestling,NCAA-Varsity,
Wrestling,Dominique,Parrish,F,Simon Fraser University,Wrestling,NCAA-Varsity,
Wrestling,Helen,Maroulis,F,Simon Fraser University,Wrestling,NCAA-Varsity,
Wrestling,Helen,Maroulis,F,Missouri Baptist University,Wrestling,Non NCAA-Varsity,
Wrestling,Josef,Rau,M,Elmhurst University,Wrestling,NCAA-Varsity,
Wrestling,Kayla,Miracle,F,Campbellsville University,Wrestling,Non NCAA-Varsity,
Wrestling,Kyle,Dake,M,Cornell University,Wrestling,NCAA-Varsity,
Wrestling,Kyle,Snyder,M,Ohio State University--Columbus,Wrestling,NCAA-Varsity,
Wrestling,Mason Mark,Parris,M,University of Michigan--Ann Arbor,Wrestling,NCAA-Varsity,
Wrestling,Payton,Jacobson,M,Northern Michigan University,Wrestling,Non NCAA-Varsity,Current
Wrestling,Sarah,Hildebrandt,F,King University,Wrestling,NCAA-Varsity,
Wrestling,Spencer,Lee,M,University of Iowa,Wrestling,NCAA-Varsity,
Wrestling,Zain,Retherford,M,Pennsylvania State University--University Park,Wrestling,NCAA-Varsity,